id,title,duration
H_ii9ueGbXU,Driving in California Yosemite in 8K HDR Dolby Vision New Years Day and First Snowfall of Winter,1:10:14
62dM0yx2ULc,Driving California Central Coast in 8K Dolby Vision HDR - Limekiln Creek to Soldad at Sunset,3:01:47
g1BcC9gK3po,Driving Los Angeles in 8K HDR Dolby Vision - MidCity to Hollywood Hills Wisdom Tree,1:35:45
KSrp7p0FlYU,Driving Yellowstone in 8K Dolby Vision - Yellowstone Wyoming to Bozeman Montana,3:44:28
-RTYlilGtek,Driving to Disneyland in 8K HDR Dolby Vision - Downtown Los Angeles to Disneyland Anaheim,1:10:36
dS1XMbG5tzE,Driving Los Angeles in 8K HDR Dolby Vision - Downtown LA USC to Santa Monica California,1:51:09
pC_cwxm_VQk,Driving Southern California in 8K Dolby Vision HDR - Santa Monica to Big Bear,2:31:29
UogIXkSxHzw,Driving California Central Coast in 8K Dolby Vision HDR - Morro Bay to Pebble Beach,3:24:28
WZqDgm1DhDM,Driving Las Vegas in 8K HDR Dolby Vision - Zion Utah to Las Vegas Nevada,2:43:02
PPa_1JBpiOc,Driving Southern California 8K HDR Dolby Vision - Newport Beach to Palos Verdes,1:33:09
upAHyDMJh_M,Driving Canyonlands National Park in 8K HDR Dolby Vision - Moab to Canyonlands Utah,1:59:31
TILqbZJnq8k,Driving Malibu California 8K HDR Dolby Vision - Santa Monica to Point Mugu,0:54:37
GAnb7WJ3zC4,Driving San Francisco California 8K HDR Dolby Vision - Sacramento to San Francisco,2:12:10
8TjL3mQsRq4,Driving Montana 8K HDR Dolby Vision - Bozeman to Helena,1:55:01
UMwU_8IHa4o,Driving California's Forbidden Highway 8K HDR Dolby Vision,2:31:01
ioB6hLiIX-w,Driving California 8K HDR Dolby Vision - Santa Barbara to Morro Bay,2:59:37
-b4aAS-h-34,Driving Grand Teton National Park in 8K HDR Dolby Vision - Wyoming USA,1:40:53
QmAvjLceVIY,Driving San Francisco California 8K HDR Dolby Vision,1:33:12
IEb14goX8KE,Driving Every Freeway in Los Angeles without Traffic in 8K HDR Dolby Vision,1:47:52
12iO_26ciBk,Driving Las Vegas in 8K HDR Dolby Vision -Las Vegas to Hoover Dam Nevada,1:59:58
SDibyW9WJl4,Driving Yellowstone in 8K HDR Dolby Vision - Bozeman Montana to Yellowstone National Park,2:33:22
mwl3BqtToco,Driving Southern California in San Diego in 8K HDR Dolby Vision - Coronado to La Jolla,1:43:27
HUivruoNnpk,Driving Canyonlands National Park in 8K HDR Dolby Vision - Moab to Canyonlands Utah,2:17:06
aoLbaJN8qKA,Driving Los Angeles in 8K HDR Dolby Vision - Santa Monica to Palos Verdes California,1:52:23
CVSvs4Ojm0Q,Driving Arches National Park in 8K HDR Dolby Vision  - Castle Gate to Arches Utah,3:37:52
PxFzpJUs3Jw,Driving Jackson Hole in 8K HDR Dolby Vision - Idaho Falls Idaho to Teton Village Wyoming,1:59:22
-iDlo4W4h2Y,Driving Utah in 8K HDR Dolby Vision - Salt Lake City to Park City,2:38:29
4JGihlChyQo,Driving Southern California San Diego Coast in 8K Dolby Vision HDR - Oceanside to Coronado,2:28:38
YdlJ7mSX93I,Driving to Las Vegas in 8K HDR Dolby Vision - Los Angeles to Las Vegas Nevada,5:44:17
qFwmkfQv7jw,Driving in California Yosemite in 8K HDR Dolby Vision at Sunset,2:48:57
TADtb4tTv4s,Driving San Diego at Night in 8K HDR Dolby Vision - Pacific Beach to Downtown San Diego California,1:38:04
zp2pQ8ff2-8,Driving Los Angeles Movie Studios Part II 8K Dolby Vision - Youtube Studios to Disney Studios.,1:32:17
u3_2gAuPjxM,Driving Southern California Coast in 8K Dolby Vision HDR - Palos Verdes to San Diego,3:17:03
o305RL966zQ,Driving Saturday Nightlife of Los Angeles 8K HDR Dolby Vision - Venice to Downtown LA (Los Santos),2:49:27
YUsqMquFgas,Driving California Coast 8K HDR Dolby Vision - Santa Monica to Santa Barbara (PCH),2:21:10
Nzmc-xdvR6I,Driving Palos Verdes California 8K Dolby Vision HDR - San Pedro to Redondo Beach CA,0:57:08
ywNMGha7Cog,Driving to All Movie Studio in Los Angeles 8K HDR Dolby Vision - Disney Studios to Youtube Studios,1:43:48
n5H0SrfsTQ0,Driving Santa Barbara 8K HDR Dolby Vision - Santa Barbara to Montecito California,1:23:26
iM4jzzevXOs,Driving Florida Coast 8K HDR Dolby Vision - Palm Beach to Fort Lauderdale (Vice City),1:54:52
vCkwhZNu_mg,Driving Los Angeles 8K HDR Dolby Vision - Glendale to Mulholland Drive Part IV,1:33:55
3QF_uHdXmjA,Driving Los Angeles 8K HDR Dolby Vision - Mulholland to Downtown LA (Los Santos) Part III,1:53:29
aZGX8a4vn-Q,Driving Los Angeles 8K HDR Dolby Vision - Downtown LA to Santa Monica (Los Santos) Part II,1:53:38
TPKN_FZ4sqw,Driving Entire Los Angeles Coastline 8K HDR Dolby Vision - San Clemente to Malibu (Los Santos),4:58:22
YqcMq9tEw0g,Driving Los Angeles 8K HDR Dolby Vision - Bel Air to Downtown LA (Los Santos),2:16:05
h-BuutxAhPY,Driving Pacific Coast Highway 8K HDR Dolby Vision - Malibu Billionaire Beach Sunset Ending! ASMR,1:21:51
lmV8UTuB7a4,Driving Tour of Los Angeles.  No Voiceovers. No Music. Just Relaxing Scenes.,0:00:59
MmsB2L0uUfg,Los Angeles Beach Scenic Driving [8K HDR] 60fps ASMR Remastered,1:09:34
buWK4MxH2zY,Driving Pacific Coast Highway in 8K HDR Dolby Vision - Long Beach to San Clemente,2:20:59
VE-7LZ1Ys5A,LAX to Downtown Los Angeles Driving at Night [8K HDR] 60fps ASMR,0:33:57
8fFjU8Ip97k,Driving Malibu 8K HDR - Downtown LA to Malibu on PCH,0:40:36
dvjEX18l0a8,Driving to Every Movie Studio in Hollywood California [8K HDR] 60fps ASMR,0:39:41
5r8kn1jeHJQ,Malibu Pacific Coast Highway Driving at Night [8K HDR] 60FPS California's Best Drive ASMR,0:51:21
Vuc-bGS3Veo,Venice Beach to Beverly Hills California in 8K HDR,0:50:29
UqE12MBcJvI,Driving Malibu 8K HDR at Sunset PCH 60fps ASMR,0:57:01
cYBDepIaMfs,Driving Tour Compton and Watts Los Angeles California 8K HDR Dolby Vision ASMR,0:50:31
XEzXUjzXF3s,Los Angeles Downtown to Venice Beach California Scenic Driving Tour [8K HDR] 60fps,0:33:18
806z7W3kH94,Driving Downtown Los Angeles 8K HDR Dolby Vision at Sunset,1:25:40
CBtT-zVekxg,Driving Beverly Hills to Hollywood 8K HDR Dolby Vision,0:47:16
GEuUtTKlQnM,Driving Every LA Freeway in only 1 hr [8K HDR]  Stress Relief ASMR - USA 60fps,1:20:55
