k400/archery.mp4,5
k400/videos/test/40/MqA4b1MDmdM.mp4,40
k400/videos/test/70/YxN_pKdXFl4.mp4,70
k400/videos/test/115/W8pcVtUMHVI.mp4,115
k400/videos/test/180/ZmjjudWAONo.mp4,180
k400/videos/test/189/YcIkQzyUsSg.mp4,189
k400/videos/test/201/uAK34v_efHs.mp4,201
k400/videos/test/203/amW3i55aTFE.mp4,203
k400/videos/test/252/scT7iVfUmg8.mp4,252
k400/videos/test/278/hERugSteAHk.mp4,278
k400/videos/test/290/_GD0snLGV-Q.mp4,290
k400/videos/test/292/50TEMPrXgIo.mp4,292
k400/videos/test/320/OekWYzJ71SU.mp4,320
k400/videos/test/321/ABGH6ukaYlQ.mp4,321
k400/videos/test/337/UYotRLfPpb8.mp4,337